,delta,interpguio,interpminsq,lambda,n
0,$72.93 \pm 0.05$,$\left(6.42 \pm 0.04\right) \times 10^{3}$,$\left(6.47 \pm 0.06\right) \times 10^{3}$,6438.5,$1.83366 \pm 0.00033$
1,$75.64 \pm 0.05$,$5179 \pm 25$,$5169 \pm 18$,5155.1,$1.85203 \pm 0.00031$
2,$75.92 \pm 0.05$,$5095 \pm 26$,$5084 \pm 19$,5085.8,$1.85382 \pm 0.00035$
3,$76.93 \pm 0.05$,$4819 \pm 22$,$4808 \pm 15$,4799.9,$1.86041 \pm 0.00030$
4,$77.51 \pm 0.05$,$4686 \pm 21$,$4677 \pm 14$,4678.2,$1.86405 \pm 0.00031$
5,$78.91 \pm 0.06$,$4414 \pm 21$,$4411 \pm 12$,4413.0,$1.8728 \pm 0.0004$
