,delta,interpguio,interpminsq,lambda,n
0,$74.07 \pm 0.06$,$\left(5.79 \pm 0.04\right) \times 10^{3}$,$5797 \pm 35$,5790.0,$1.8415 \pm 0.0004$
1,$74.13 \pm 0.05$,$5761 \pm 33$,$5767 \pm 29$,5769.6,$1.84192 \pm 0.00033$
2,$74.84 \pm 0.06$,$5461 \pm 32$,$5456 \pm 25$,5460.7,$1.8467 \pm 0.0004$
3,$76.50 \pm 0.05$,$4929 \pm 25$,$4918 \pm 17$,4916.0,$1.85762 \pm 0.00035$
4,$79.24 \pm 0.05$,$4358 \pm 18$,$4358 \pm 10$,4358.3,$1.87478 \pm 0.00029$
5,$81.31 \pm 0.08$,$4068 \pm 20$,$4079 \pm 10$,4078.2,$1.8871 \pm 0.0005$
6,$81.60 \pm 0.05$,$4034 \pm 15$,$4047 \pm 7$,4046.6,$1.88875 \pm 0.00027$
